title,link,source,published_str,pub_date,doi,last_author,abstract,abstract_source,must_have_abstract
Depletion of davemaoite in Earth’s ambient lower mantle,https://www.nature.com/articles/s41467-026-76943-0,Nature Communications,2026-08-15 00:00:00 UTC,2026-08-15 00:00:00+00:00,10.1038/s41467-026-76943-0,Nicolas Guignot,"The mineralogy of the Earth’s lower mantle is fundamental to understanding the planet’s formation, composition, evolution, and dynamics. However, uncertainties in the elastic properties and phase transitions of CaSiO₃ davemaoite—the third most abundant phase in a pyrolitic lower mantle—have hindered quantitative links between seismic observations and lower-mantle mineralogy. Here we combine Brillouin spectroscopy with resistively heated diamond anvil cell experiments to measure the sound velocities of CaSiO₃ davemaoite up to 80 GPa and 973 K. We show that the tetragonal–cubic phase transition occurs below 900 K throughout the entire lower mantle. Fitting the thermoelastic properties of cubic davemaoite reveals substantially reduced shear-wave velocities at deep lower-mantle conditions. Because of these intrinsically slow velocities, increasing bridgmanite abundance alone cannot reconcile seismic observations for a normal lower mantle containing even small amount of davemaoite. Our results therefore suggest that davemaoite is depleted in the ambient lower mantle but concentrated within LLSVPs, likely as a consequence of late-stage crystallization during magma-ocean differentiation.",nature_html,0
Atmospheric turbulence sensing with structured terahertz beams containing orbital angular momentum,https://www.nature.com/articles/s41467-026-76743-6,Nature Communications,2026-08-15 00:00:00 UTC,2026-08-15 00:00:00+00:00,10.1038/s41467-026-76743-6,Yasaman Ghasempour,"Clear-air turbulence poses a persistent hazard to aviation, yet it evades conventional weather radar and remains difficult to detect. Existing optical sensing methods falter under severe turbulence and are extremely vulnerable to misalignment between airborne nodes. Here we introduce an atmospheric sensing scheme built on structured terahertz (THz) beams carrying orbital angular momentum (OAM). We derive and experimentally validate an analytical model that maps turbulence-induced OAM modal crosstalk to the refractive index structure constant of the atmosphere. Our simulations and experiments demonstrate that this THz-OAM approach remains robust under severe turbulence where optical systems saturate, and offers orders-of-magnitude greater misalignment resilience. Furthermore, this scheme also enables localization of the dominant turbulent clusters through understanding the interaction of diverging THz-OAM beams with the turbulent medium in the reciprocal propagation paths and simultaneously monitoring water vapor to identify turbulence precursors. This work establishes structured THz-OAM beams as a robust framework for remote atmospheric turbulence inference.",nature_html,0
Quantifying the role of nitrogen in achieving global Sustainable Development Goals,https://www.nature.com/articles/s41467-026-76777-w,Nature Communications,2026-08-15 00:00:00 UTC,2026-08-15 00:00:00+00:00,10.1038/s41467-026-76777-w,Baojing Gu,"Achieving the 2030 Sustainable Development Goals (SDGs) requires balancing well-being with environmental protection, yet the role of nitrogen across these goals remains poorly understood. Here, we show how dietary nitrogen intake and nitrogen release to air and water are associated with SDG progress across 166 countries from 2000 to 2022. Higher per-capita nitrogen intake is positively associated with social and economic SDGs, whereas nitrogen release is negatively associated with environmental goals. Economic development is linked to improved SDG performance but also to greater dietary nitrogen demand and nitrogen losses, while warming is associated with pressure on food systems and nitrogen management. Nitrogen-related factors account for 38% of the variation in SDG scores, compared with 34% for climatic conditions and 28% for socio-economic factors. These findings identify nitrogen management as a cross-cutting component of sustainable development and support strategies that align food security, pollution control and climate adaptation across development contexts.",nature_html,0
Focal mechanism variations reveal mechanical controls on segmentation at oceanic transform faults,https://www.nature.com/articles/s41467-026-76407-5,Nature Communications,2026-08-15 00:00:00 UTC,2026-08-15 00:00:00+00:00,10.1038/s41467-026-76407-5,Jeffrey J. McGuire,"Oceanic transform faults (OTFs) exhibit concurrent slip behaviors, with creep and characteristic earthquakes on localized patches. At the Gofar transform fault on the East Pacific Rise, magnitude 5.5+ earthquakes are bounded by creeping segments that act as persistent rupture barriers, yet the physical controls on this segmentation remain unclear. Here, from one year of ocean bottom seismometer data, we develop a focal mechanism catalog of 2323 earthquakes on the westernmost Gofar transform fault. This catalog enables robust statistical analyses of along-strike variations in faulting type and mechanical properties. Pure strike-slip earthquakes comprise ~31% of events; oblique earthquakes are pervasive; pure reverse and normal events also exist. Faulting types correlate with seismicity-inferred fault segmentation, with reverse and oblique-reverse events clustering in rupture barriers. Coulomb failure modeling shows that the pattern is diagnostic of elevated pore-fluid pressure and mechanical weakness within the barriers. The 2008 M6 mainshock increased focal mechanism diversity across the fault, indicating widespread activation of secondary structures through the seismic cycle. Comparisons with the Blanco and Chain transform faults suggest diverse faulting and along-strike mechanism clustering may be common OTF features, implying that local mechanical properties govern segmentation.",nature_html,0
CD36-mediated lipid-accumulation in reactive microglia contributes to retinal degeneration via the NLRP3-IL-1β pathway in mice,https://www.nature.com/articles/s41467-026-76685-z,Nature Communications,2026-08-15 00:00:00 UTC,2026-08-15 00:00:00+00:00,10.1038/s41467-026-76685-z,Chang He,"Microglia are central regulators of retinal immune homeostasis, yet their pathogenic states in retinal degeneration remain less well understood. Here we identified a distinct subset of lipid-accumulated reactive microglia (aLARM), using scRNA sequencing and spatial transcriptomics in NaIO3-induced retinal degeneration mice, predominantly localized to the outer retina. aLARM were conserved across mouse models and patients and uniquely marked by high CD36 expression. Microglia-specific CD36 deletion abolished aLARM-mediated inflammation and degeneration, whereas subretinal transplantation of CD36+ aLARM exacerbated retinal structural destruction and functional impairment. Mechanistically, CD36+ aLARM activated NLRP3 inflammasome and produced IL-1β, engaging IL-1R1 on microglia/macrophages and pericytes/SMCs to amplify a feed-forward inflammatory circuit. Therapeutic CD36 blockade with the neutralizing antibody FA6-152 reduced aLARM formation and protected against neurodegeneration. Together, our findings highlight CD36+ aLARM as a targetable pathogenic microglial population linking neuroinflammation to retinal degeneration, providing a potential foundation for microglia-based precision therapies.",nature_html,0
Ryugu and Bennu preserve primordial isotopic heterogeneity absent from the meteorite record,https://www.nature.com/articles/s41467-026-76720-z,Nature Communications,2026-08-15 00:00:00 UTC,2026-08-15 00:00:00+00:00,10.1038/s41467-026-76720-z,Dante S. Lauretta,"Ivuna-type (CI) carbonaceous chondrites are commonly used as proxies for the composition of the planet-forming disk because their chemical abundances resemble those of the solar photosphere. However, their isotopic uniformity may reflect pervasive alteration and isotopic averaging rather than preservation of the earliest Solar System reservoirs. Here we show that samples returned from the asteroids Ryugu and Bennu preserve isotopic heterogeneity in major planet-building elements, including magnesium, silicon, and iron, that is absent from CI chondrites and unresolved in other meteorites. These signatures reveal isotopically distinct components that are absent from, or homogenized in, known CI chondrites. We infer that Bennu and Ryugu retain a record of primordial isotopic diversity that was not completely homogenized during disk and parent-body processing. Thus, returned asteroid samples provide access to previously unsampled Solar System material that preserves early isotopic components not fully represented in the meteorite record.",nature_html,0
Achieving Near 21% Efficiency Organic Solar Cells through Controlled Packing of Fused-Ring Electron Acceptors,https://www.nature.com/articles/s41467-026-76532-1,Nature Communications,2026-08-15 00:00:00 UTC,2026-08-15 00:00:00+00:00,10.1038/s41467-026-76532-1,Yahui Liu,"Non-radiative energy loss remains a challenge in organic solar cells. Here we show that introducing bulky chlorobenzene moieties at the end of inner side chains yields two acceptor materials, Y6-2Cl and Y6-4Cl. The introduction of chlorobenzene groups enhances the solubility, while also boosting the photoluminescence quantum yield and inducing a distinct molecular packing mode in Y6-2Cl and Y6-4Cl. Rather than following the conventional three-dimensional network structure observed in Y-series acceptors, these materials form a highly ordered, array-like arrangement while maintaining excellent crystalline characteristics. This unique structural feature not only preserves high charge-transport properties but also optimizes aggregation behavior and morphology of the active layers. The D18:Y6-2Cl binary device demonstrates a PCE of 20.0%. The ternary device composed of D18:L8-BO:Y6-2Cl achieves a PCE of 20.92%, accompanied by a fill factor of 82.93%. Overall, the side-chain functionalization strategy proposed in this study offers a direction for developing high-performance non-fullerene acceptors.",nature_html,0
Phosphorylation of OTUB1 promotes autophagy initiation under starvation,https://www.nature.com/articles/s41467-026-76796-7,Nature Communications,2026-08-15 00:00:00 UTC,2026-08-15 00:00:00+00:00,10.1038/s41467-026-76796-7,Jiqin Lian,"Eukaryotes initiate autophagy in response to environmental challenges such as nutrient deprivation. However, the mechanisms governing autophagy initiation remain incompletely understood. Here, we demonstrated that OTUB1 phosphorylation plays a key role in starvation-induced autophagy initiation. Specifically, ERK phosphorylates OTUB1 at S118 during starvation. This phosphorylation enables competitive binding of ANXA2 to OTUB1, disrupting its interaction with TRIM29 and enhancing OTUB1 stability. Stabilized OTUB1 upregulated DEPTOR, thereby inhibiting mTOR and inducing autophagy. Furthermore, in vivo studies reveal that fasting-induced OTUB1-mTOR-autophagy axis counteracted Western diet-mediated mTOR activation by restoring ERK-dependent OTUB1 phosphorylation, ultimately ameliorating MASLD progression. Collectively, this study uncovers a phosphorylation-dependent regulatory mechanism controlling OTUB1’s function in nutrient deficiency-triggered autophagy initiation, providing cellular and molecular evidence supporting the therapeutic potential of fasting in alleviating MASLD.",nature_html,0
Polyoxometalates‐Driven Oxidative Polymerization of Thioctic Acid and Synchronized Noncovalent Cross‐Linking to Generate High‐Strength and Colorimetric Adhesives,https://onlinelibrary.wiley.com/doi/10.1002/anie.7949913?af=R,Wiley: Angewandte Chemie International Edition: Table of Contents,2026-08-15 06:14:21 UTC,2026-08-15 06:14:21+00:00,10.1002/anie.7949913,Wen Li,"ABSTRACT
                  Polythioctic acid (PTA) and its derivatives carrying disulfide bonds within the polymer backbone have emerged as leading candidates for yielding degradable and recyclable polymers. However, their development has been impeded by the persistent trade‐off between degradability and mechanical strength, as well as the lack of effective polymerization strategies that can be used under mild conditions. Herein, we report a polyoxometalate (POM)‐mediated “one‐stone‐three‐birds” strategy, in which rapid ring‐opening polymerization (ROP) of TA is synchronously coupled with noncovalent crosslinking under mild ambient conditions. Combined experimental and theoretical investigations reveal that POM nanoclusters act as multifunctional “stones”: oxidizing TA to generate cationic radical species that initiate ROP, engaging in strong electrostatic interactions with the sulfonium termini of the resulting PTA chains to form robust polymer networks with high adhesion strength (&gt;11 MPa), and imparting a redox‐responsive colorimetric signal. This synergistic integration of mechanical reinforcement and chromic response provides a new strategy for designing adhesives with coupled structural integrity and optical feedback, which enables in situ visual indication of material changes during leakage of oxidizing species in confined environments.",crossref,0
Reveal Non‐Uniform Passivation on Lithium Metal Anode With Operando Spectroscopic Ellipsometry,https://advanced.onlinelibrary.wiley.com/doi/10.1002/aenm.71434?af=R,Wiley: Advanced Energy Materials: Table of Contents,2026-08-15 14:33:37 UTC,2026-08-15 14:33:37+00:00,10.1002/aenm.71434,Feifei Shi,"ABSTRACT
                  
                    The passivity of lithium (Li) metal anode is crucial for the safety and long‐term cycling performance of Li metal batteries (LMBs), yet the mechanism and evolution of native passivation remain poorly understood. In this work, we use operando spectroscopic ellipsometry (SE) with a real‐time, spatially resolved thickness‐mapping function to study freshly prepared Li metal anodes with/without texture control. The native passivation reaction is monitored inside an Argon glovebox with precise control of O
                    2
                    , CO
                    2,
                    and H
                    2
                    O gas environment. We discovered that the nucleation and anisotropic reactivity of Li metal are the root causes for the non‐uniform distribution of the native passivation layer. The equilibrium thickness has been studied for texture effects (i.e., Li with (200) and (110) out‐of‐plane orientations) and temperature effects. The growth of the native layer is fitted by Fehlner–Mott model. We correlate the thickness of the native passivation layer with subsequent SEI evolution by analyzing electrochemical impedance spectroscopy distribution of relaxation times (EIS‐DRT) and critical current densities (CCD) in three different electrolytes. By elucidating the fundamental growth mechanisms and roles of the native passivation layer, this work reveals the origin of non‐uniform reactivities on Li metal anodes, providing a new framework for engineering stable, dendrite‐free lithium metal interfaces.",crossref,0
Multifunctional Halogenated Third Components Enable Additive‐Free Organic Solar Cells with 20.63% Efficiency via Regulating Molecular Stacking and Suppressing Exciton‐Vibration Coupling,https://advanced.onlinelibrary.wiley.com/doi/10.1002/aenm.71457?af=R,Wiley: Advanced Energy Materials: Table of Contents,2026-08-15 14:34:06 UTC,2026-08-15 14:34:06+00:00,10.1002/aenm.71457,Yongsheng Chen,"ABSTRACT
                  
                    Achieving simultaneous morphology optimization and energy‐loss suppression in additive‐free organic solar cells (OSCs) remains a major challenge. Here, we report a halogenated third‐component strategy to regulate molecular stacking and exciton‐vibration coupling in additive‐free D18:L8‐BO blends. We show that halogen‐dependent modulation effectively tailors intermolecular interactions, molecular packing, and photoinduced dynamics, leading to markedly different photovoltaic behaviors. Among them, the fluorinated third component, eC9‐4F, delivers the most effective regulation, enabling stronger electrostatic modulation and a more favorable packing configuration with enhanced
                    π
                    –
                    π
                    stacking coherence. Such optimized local packing suppresses exciton‐vibration coupling, reduces vibrational dissipation and energy loss, prolongs exciton diffusion, and improves charge generation and transport. As a result, the additive‐free D18:L8‐BO:eC9‐4F device achieves a power conversion efficiency (PCE) of 20.63% (certified as 20.07%), while flexible devices fabricated on PEN substrates deliver a PCE of 19.34% (certified as 18.65%). These results highlight the strong potential of halogenated third‐component engineering for simultaneously advancing efficiency, mechanical flexibility, and practical applicability in additive‐free OSCs. Our work reveals the multiscale interplay among molecular stacking, energetic disorder, vibrational dissipation, and charge dynamics, and establishes halogenated third‐component engineering as an effective route toward low‐loss, high‐efficiency additive‐free OSCs.",crossref,0
Hard Carbon Networks for Mitigating Graphite Lattice Strain Under Extreme‑Low‑Temperature Fast Charging,https://advanced.onlinelibrary.wiley.com/doi/10.1002/aenm.71446?af=R,Wiley: Advanced Energy Materials: Table of Contents,2026-08-15 14:35:48 UTC,2026-08-15 14:35:48+00:00,10.1002/aenm.71446,Ke‐Yu Xie,"ABSTRACT
                  
                    Low‐temperature fast charging of lithium‐ion batteries is primarily constrained by sluggish reaction kinetics and mechanical degradation of graphite anodes. Here, a kinetic–structural coordination strategy based on a 15 wt.% hard carbon (HC) percolating network embedded within the graphite matrix is proposed. This HC network functions as an ionic flux redistributor, effectively suppressing the high‐strain phase transition to stage 1 (LiC
                    6
                    ) and reducing lattice strain, thereby protecting the graphite from mechanical pulverization. Moreover, the coordinated lithiation promotes the formation of a robust, LiF‐rich inorganic solid electrolyte interphase (SEI), which facilitates fast desolvation and prevents interfacial delamination. As a result, NCM523‖Graphite/HC pouch cells deliver 2250 cycles at −20°C under a 4C rate with 88% capacity retention, and maintain stable operation at 8C and −40°C. This network doping approach thus provides a scalable design principle for all‐climate, high‐power batteries intended for electric vehicle applications.",crossref,0
Electron Spin‐State Regulation Unlocks Structural Robustness and Stable Sodium Storage in Na4Fe3(PO4)2P2O7 Cathode,https://advanced.onlinelibrary.wiley.com/doi/10.1002/aenm.71459?af=R,Wiley: Advanced Energy Materials: Table of Contents,2026-08-15 14:36:21 UTC,2026-08-15 14:36:21+00:00,10.1002/aenm.71459,Chenghao Yang,"ABSTRACT
                  
                    The low‐cost, structurally robust Na
                    4
                    Fe
                    3
                    (PO
                    4
                    )
                    2
                    P
                    2
                    O
                    7
                    (NFPP) polyanionic cathode for sodium‐ion batteries is constrained by electronic insulation and sluggish Na
                    +
                    transport. Herein, a spin‐state‐engineered cathode, Na
                    4
                    Fe
                    2.94
                    Mo
                    0.03
                    Co
                    0.03
                    (PO
                    4
                    )
                    2
                    P
                    2
                    O
                    7
                    (MC‐NFPP), is developed to modulate the local electronic structure of Fe, thereby unlocking additional unpaired electrons to simultaneously enhance intrinsic charge transport and lattice stability. The high‐valence Mo
                    6+
                    weakens the local ligand field via the inductive effect, while Co
                    2+
                    promotes spin reconfiguration through magnetic exchange interactions. This design induces a profound electronic reconfiguration, driving the transition of Fe from an intermediate‐spin (IS) to a high‐spin (HS) state (with the HS‐Fe
                    2+
                    fraction rising from 65.0% to 79.2%), which concurrently narrows the bandgap and lowers the Na
                    +
                    migration barrier. Meanwhile, the increased fraction of flexible HS‐state FeO
                    6
                    octahedra activates a spin‐regulated structural breathing effect, enabling rapid relaxation of distorted [P
                    2
                    O
                    7
                    ] units and markedly reducing unit cell volume fluctuation from 5.78% to 3.89%, thus ensuring robust structural resilience. Consequently, MC‐NFPP achieves a high reversible capacity of 89.2 mAh g
                    −1
                    at 30 C and retains 96.8% capacity after 1200 cycles in full cells. This spin‐state regulation effectively overcomes the intrinsic kinetic and structural bottlenecks of polyanionic cathodes, providing a viable pathway for their practical deployment.",crossref,0
Manipulating Valence‐Heterogeneous Pt Dual Sites via Metal‐Support Interactions for Highly Efficient Alkaline Hydrogen Evolution,https://advanced.onlinelibrary.wiley.com/doi/10.1002/aenm.71456?af=R,Wiley: Advanced Energy Materials: Table of Contents,2026-08-15 14:37:34 UTC,2026-08-15 14:37:34+00:00,10.1002/aenm.71456,Hao Jiang,"ABSTRACT
                  
                    Alkaline water electrolysis is essential for sustainable green hydrogen production but is bottlenecked by sluggish water dissociation kinetics and catalyst degradation at high current densities. Herein, a low loading of Pt nanoclusters (4.2 wt.%) was anchored on multiwalled carbon nanotubes (Pt‐MWCNT) through a spontaneous reduction approach that triggers strong metal–support interaction (SMSI). A dual‐site coupled mechanism mediated by the valence‐heterogeneous Pt species was uncovered, where the electrophilic Pt
                    2+
                    sites accelerate H‐OH bond cleavage, while the adjacent Pt
                    4+
                    centers optimize the *H adsorption‐desorption strength for high‐efficiency H
                    2
                    evolution. More importantly, this synergy could be precisely tailored by leveraging the carbon support's work function as a regulatory dial for the Pt
                    2+
                    /Pt
                    4+
                    ratio. Through nitrogen doping, the resulting Pt‑N‑MWCNT electrocatalyst with an optimal Pt
                    2+
                    /Pt
                    4+
                    ratio of 1.04, achieved a kinetic equilibrium between water dissociation and hydrogen desorption, enabling a low overpotential of 28 mV at 10 mA cm
                    −2
                    and a durability of over 500 h at 500 mA cm
                    −2
                    . This work delivers critical insights into SMSI‐mediated electronic modulation, charting a pathway toward designing low‐loading noble metal catalysts for sustainable hydrogen technologies.",crossref,0
Tailoring Electrolyte Chemistry Through Precise Organic Synthesis for Lithium Metal Batteries,https://advanced.onlinelibrary.wiley.com/doi/10.1002/aenm.71447?af=R,Wiley: Advanced Energy Materials: Table of Contents,2026-08-15 14:39:53 UTC,2026-08-15 14:39:53+00:00,10.1002/aenm.71447,Cao Guan,"ABSTRACT
                  
                    Realizing next‐generation batteries with specific energies exceeding 500 Wh kg
                    −1
                    requires coupling lithium metal anodes with high‐voltage cathodes. Conventional carbonate electrolytes fundamentally fail in these aggressive environments due to narrow electrochemical windows and catastrophic interfacial degradation. Overcoming these bottlenecks demands a paradigm shift from empirical formulation to rational molecular design. This review highlights synthetic molecular engineering as a systematic framework to tailor electrolyte chemistry at the atomic scale via precision organic synthesis—defined as deliberate covalent modification including de novo construction and targeted functionalization, focused herein on lithium metal systems. By employing precise organic synthesis through electronic regulation, steric hindrance modulation, and functional group integration, researchers actively program the physicochemical properties of salts, solvents, and additives. We systematically elucidate how these engineered components remodel primary solvation structures and direct the construction of robust interphases, navigating the long‐standing trade‐off between ionic conductivity and stability. We further benchmark performance against practical pouch‐cell constraints and distill conditional design rules specifying where each strategy succeeds and fails. Finally, integrating computational screening, perfluoroalkyl and polyfluoroalkyl substances (PFAS) sustainability considerations, and green synthesis will accelerate the industrial translation of advanced industrial lithium metal energy storage.",crossref,0
Surface‐Fluorinated Conductive Carbon for Coupled Electron/Ion Transport Through the Graphite Anode,https://advanced.onlinelibrary.wiley.com/doi/10.1002/aenm.71436?af=R,Wiley: Advanced Energy Materials: Table of Contents,2026-08-15 14:40:24 UTC,2026-08-15 14:40:24+00:00,10.1002/aenm.71436,Xin He,"ABSTRACT
                  
                    Graphite (Gr) is the dominant anode material for commercial lithium‐ion batteries (LIBs). However, its fast‐charging capability is often constrained by sluggish Li
                    +
                    transport and large interfacial polarization under high current densities. Conventional conductive carbons mainly serve as electronic percolation networks and do not contribute to Li
                    +
                    transport regulation. Here, we report a gas‐phase fluorination strategy that converts commercial nanosized conductive carbon into a surface‐fluorinated conductive carbon (F‐SP) to enable coupled electron/Li
                    +
                    transport and localized LiF‐rich interphase regulation in Gr anodes. The introduced semi‐ionic and polar C‐F species enhance electrolyte wettability and Li
                    +
                    affinity while maintaining the conductive carbon framework. Partial electrochemical defluorination of F‐SP further promotes the in situ formation of a nanoscale LiF‐rich interphase on the surface during cycling, regulating local interfacial chemistry and improving charge‐transfer kinetics. Benefiting from this synergistic transport and interphase regulation, the F‐SP‐based Gr anode exhibits improved rate capability and cycling stability with reduced polarization and accelerated Li
                    +
                    transport kinetics. The NCM523||Gr/F‐SP full‐cell delivers a reversible capacity of 95.2 mAh g
                    −1
                    at 10C and retains 81.99% of its capacity after 500 cycles at 1C. This work demonstrates that rational surface fluorination can upgrade conventional conductive carbon into multifunctional kinetic regulators for fast‐charging Gr anodes.",crossref,0
Redox‐Catalytic p‐Toluquinone With Dynamic Proton‐Iodine Modulation for High‐Capacity and Durable Zn–I2 Battery,https://advanced.onlinelibrary.wiley.com/doi/10.1002/aenm.71407?af=R,Wiley: Advanced Energy Materials: Table of Contents,2026-08-15 14:41:02 UTC,2026-08-15 14:41:02+00:00,10.1002/aenm.71407,Xiaoming Sun,"ABSTRACT
                  
                    Aqueous Zn─I
                    2
                    batteries offer an attractive route toward risk‐free, cost‐efficient, and sustainable energy storage. However, their practical implementation is hindered by the challenges of sluggish iodine conversion kinetics and severe polyiodide shuttling. Herein, we reported a bio‐derived p‐toluquinone (TQ) confined onto porous activated carbon (denoted as TQ@AC) as redox‐catalytic cathode that leverages its quinoid backbone and carbonyl redox centers to simultaneously stabilize TQ redox cycling and boost iodine conversion efficiency. According to a combination of in/ex situ analyses and theoretical calculations, carbonyl groups within TQ serve as proton storage sites, and undergo reversible proton‐coupled electron transfer (PCET) process during battery working. Moreover, protonated carbonyl sites effectively confine iodine species via proton‐driven C═O/C─OH reaction and catalyze highly‐reversible iodine conversion, achieving a four‐electron proton‐iodine dual‐redox mechanism. Therefore, electrolytic Zn─I
                    2
                    battery based on TQ@AC cathode delivers an impressive capacity of 410 mAh g
                    −1
                    , superior rate capability and achieves 85% capacity retention over 63 000 cycles. Additionally, the outstanding working stability and excellent temperature tolerance of the pouch cell within −15°C–45°C underscore its practical applicability, highlighting the effectiveness of synergistic organic‐iodine modulation for advanced Zn‐halogen batteries.",crossref,0
Ultrahigh‐Loading Cathodes for Next‐Generation Lithium‐Ion Batteries,https://advanced.onlinelibrary.wiley.com/doi/10.1002/aenm.71439?af=R,Wiley: Advanced Energy Materials: Table of Contents,2026-08-15 14:41:36 UTC,2026-08-15 14:41:36+00:00,10.1002/aenm.71439,Weidong He,"ABSTRACT
                  Ultrahigh‐loading cathodes are a key pathway to boosting the energy density of lithium‐ion batteries. The design of thick electrodes can significantly increase the loading of electrode active materials by minimizing the proportion of inactive components at the device level. However, considerable effort is still required to address the challenges that arise as the electrode thickness increases. This review outlines the common challenges faced by ultra‐high‐loading cathodes, focusing on the key degradation mechanisms of thick electrodes in different cathode systems and the latest advances. The constraints at the practical cell level are also discussed, and the industrial feasibility of various modification strategies and emerging fabrication processes is evaluated. Finally, suggestions on the future directions of ultrahigh‐loading cathode development and research are provided.",crossref,0
Photocatalytic Oxygen Reduction Pathway Modulating on Cadmium Sulfide via Surface Doping Engineering for In‐Situ Synthesis of Hydrogen Peroxide Coupled With Organic Valorization,https://advanced.onlinelibrary.wiley.com/doi/10.1002/aenm.71443?af=R,Wiley: Advanced Energy Materials: Table of Contents,2026-08-15 14:43:05 UTC,2026-08-15 14:43:05+00:00,10.1002/aenm.71443,Pengju Feng,"ABSTRACT
                  
                    Tuning the oxygen reduction reaction (ORR) pathway is essential for steering the selective generation of reactive oxygen species (ROS) in targeted applications. Here, Fe‐doped cadmium sulfide (Fe‐CdS) nanorods were rationally designed to modulate surface ORR pathways, enabling efficient hydrogen peroxide (H
                    2
                    O
                    2
                    ) production via optimized electron transfer dynamics. By precisely controlling the content of Fe doping, we have achieved customized generation of photocatalytic reactive oxygen species. Under irradiation, low Fe doping (1%) favored a 2‐electron ORR pathway, yielding H
                    2
                    O
                    2
                    at a rate of 483.5 µM h
                    −1
                    , surpassing that of CdS and 2%–5% Fe‐CdS. In contrast, 5% Fe doping induced a shift toward H
                    2
                    O
                    2
                    production and decomposition‐mediated the generation of hydroxyl at 110.2 µM h
                    −1
                    . Strong metal–support interactions facilitated efficient charge separation, while excess Fe sites catalyzed H
                    2
                    O
                    2
                    decomposition. The photocatalytic H
                    2
                    O
                    2
                    production platform was further integrated with in situ organic synthesis, demonstrating dual‐functional photoredox transformations, including arylboronic acid oxidation and amide coupling. This work establishes structure‐activity relationships governing ROS‐selectivity in doped photocatalysts, while pioneering a light‐driven synthetic paradigm that concurrently addresses green oxidant production and selective organic synthesis.",crossref,0
Chemomechanically Adaptive MXene–Si–Ag Dual‐Seed Interlayer Enabling Low‐Pressure Sulfide all‐Solid‐State Batteries,https://advanced.onlinelibrary.wiley.com/doi/10.1002/aenm.71461?af=R,Wiley: Advanced Energy Materials: Table of Contents,2026-08-15 14:45:28 UTC,2026-08-15 14:45:28+00:00,10.1002/aenm.71461,Soojin Park,"ABSTRACT
                  
                    Sulfide‐based all‐solid‐state batteries (ASSBs) promise high safety and energy density; however, sustaining stable operation under low stack pressure remains challenging due to chemo‐mechanical instability at solid‐solid interfaces. Here, we report a chemomechanically adaptive MXene–Si–Ag hybrid interlayer that stabilizes Li metal‐based anode interfaces in sulfide ASSBs. A mechanically compliant MXene framework maintains intimate contact with the sulfide solid electrolyte and accommodates interfacial stress evolution, while immobile Si and mobile Ag function as complementary lithiophilic seeds. Si provides persistent interfacial anchoring and continuous ionic pathways owing to its negligible solubility in Li, whereas Ag dynamically redistributes along Li flux to regulate nucleation and interfacial reaction kinetics. This immobile‐mobile dual‐seed synergy homogenizes Li transport without requiring strict spatial overlap of the seeds. When paired with high‐loading NCM811 cathodes, the interlayer enables an areal capacity of 4.56 mAh cm
                    −2
                    with 84.5% capacity retention over 500 cycles at 1C under 40 MPa. Notably, stable cycling is preserved even under ultralow stack pressure (0.21 MPa), delivering an initial Coulombic efficiency of 82.7% and 72.4% capacity retention after 200 cycles. This work demonstrates that coupling mechanical adaptability with dynamic lithiophilic regulation provides a practical pathway toward pressure‐tolerant, high‐energy sulfide ASSBs.",crossref,0
"Energy poverty: Seasonal variations, socioeconomic disparities and cumulative inequality",https://www.sciencedirect.com/science/article/pii/S0301421526004842?dgcid=rss_sd_all,ScienceDirect Publication: Energy Policy,2026-08-16 00:00:00 UTC,2026-08-16 00:00:00+00:00,,Tadj Oreszczyn,,,0
The moderating role of geopolitical fragmentation in energy transition-energy poverty: A cross distribution evidence from Europe,https://www.sciencedirect.com/science/article/pii/S0301421526004787?dgcid=rss_sd_all,ScienceDirect Publication: Energy Policy,2026-08-16 00:00:00 UTC,2026-08-16 00:00:00+00:00,,Muhammad Shahbaz,,,0
Two-stage coordinated robust electricity trading for virtual power plants across the annual-to-spot trading cycle under asynchronous wholesale-retail interaction,https://www.sciencedirect.com/science/article/pii/S0306261926013140?dgcid=rss_sd_all,ScienceDirect Publication: Applied Energy,2026-08-16 00:00:00 UTC,2026-08-16 00:00:00+00:00,,Zhaoyang Dong,,,0
On the climatic and energy impacts of reflective and evaporative photovoltaic roofs in cities,https://www.sciencedirect.com/science/article/pii/S0306261926012389?dgcid=rss_sd_all,ScienceDirect Publication: Applied Energy,2026-08-16 00:00:00 UTC,2026-08-16 00:00:00+00:00,,Mattheos Santamouris,,,0
Reimagining energy transitions: understanding energy autonomy through community participation and epistemic cultures in marginalised Indian communities,https://www.sciencedirect.com/science/article/pii/S0306261926013164?dgcid=rss_sd_all,ScienceDirect Publication: Applied Energy,2026-08-16 00:00:00 UTC,2026-08-16 00:00:00+00:00,,Priyadarshi Patnaik,,,0
Uncertainty self-balancing capability: A novel indicator for microgrid flexibility and its economic valuation,https://www.sciencedirect.com/science/article/pii/S0306261926012870?dgcid=rss_sd_all,ScienceDirect Publication: Applied Energy,2026-08-16 00:00:00 UTC,2026-08-16 00:00:00+00:00,,Yue Yuan,,,0
A dual-function energy regenerative suspension supported AIoT for energy harvesting and self-sensing to enhance the performance of fuel-powered and battery electric vehicles,https://www.sciencedirect.com/science/article/pii/S0306261926012869?dgcid=rss_sd_all,ScienceDirect Publication: Applied Energy,2026-08-16 00:00:00 UTC,2026-08-16 00:00:00+00:00,,Hassan Ali Mohieldin,,,0
Research on the technical potential and complementary development pattern of offshore wind and photovoltaics in China's coastal regions under climate change,https://www.sciencedirect.com/science/article/pii/S0306261926013073?dgcid=rss_sd_all,ScienceDirect Publication: Applied Energy,2026-08-16 00:00:00 UTC,2026-08-16 00:00:00+00:00,,Xin Wang,,,0
High-resolution simulation and modeling of tropical-cyclone induced power outages in the United States,https://www.sciencedirect.com/science/article/pii/S0306261926011670?dgcid=rss_sd_all,ScienceDirect Publication: Applied Energy,2026-08-16 00:00:00 UTC,2026-08-16 00:00:00+00:00,,Ning Lin,,,0
Multi-objective dynamic reconfiguration of active distribution networks via spatio-temporal flexible interaction of SOPs and ESSs against critical DG disconnections,https://www.sciencedirect.com/science/article/pii/S0306261926012900?dgcid=rss_sd_all,ScienceDirect Publication: Applied Energy,2026-08-16 00:00:00 UTC,2026-08-16 00:00:00+00:00,,Mengran Zhou,,,0
Coordinating electricity and computility in economic dispatch by embedding quantile convex latency surrogates,https://www.sciencedirect.com/science/article/pii/S0306261926013346?dgcid=rss_sd_all,ScienceDirect Publication: Applied Energy,2026-08-16 00:00:00 UTC,2026-08-16 00:00:00+00:00,,Zaijun Wu,,,0
Ms-MOARO: a novel multi-strategy optimizer for multi-objective optimal power flow with wind-solar-tidal energy integration,https://www.sciencedirect.com/science/article/pii/S0306261926013309?dgcid=rss_sd_all,ScienceDirect Publication: Applied Energy,2026-08-16 00:00:00 UTC,2026-08-16 00:00:00+00:00,,Hüseyin Bakır,,,0
Electrolyte-mediated interfacial engineering for silicon-based anodes in lithium-ion batteries: From liquid to quasi-solid and all-solid-state systems,https://www.sciencedirect.com/science/article/pii/S0306261926013103?dgcid=rss_sd_all,ScienceDirect Publication: Applied Energy,2026-08-16 00:00:00 UTC,2026-08-16 00:00:00+00:00,,Chenguang Liu,,,0
Embedded injustice under the developmental state: Taiwan's reflexive governance on just transition,https://www.sciencedirect.com/science/article/pii/S0301421526004878?dgcid=rss_sd_all,ScienceDirect Publication: Energy Policy,2026-08-16 00:00:00 UTC,2026-08-16 00:00:00+00:00,,Jui-Ning Chang,,,0
Distributed flexible dispatch of heterogeneous thermostatically controlled loads with physically consistent neural ODEs,https://www.sciencedirect.com/science/article/pii/S0306261926012523?dgcid=rss_sd_all,ScienceDirect Publication: Applied Energy,2026-08-16 00:00:00 UTC,2026-08-16 00:00:00+00:00,,Yi Wang,,,0
"Broadly positive, slightly split: How political orientation links to early perceptions of seasonal thermal energy storage",https://www.sciencedirect.com/science/article/pii/S0301421526004891?dgcid=rss_sd_all,ScienceDirect Publication: Energy Policy,2026-08-16 00:00:00 UTC,2026-08-16 00:00:00+00:00,,Rebeka Sträter,,,0
