title,link,published,source,pub_date
Trions as Fundamental Species in Chemically Doped Polymer Semiconductors,https://advanced.onlinelibrary.wiley.com/doi/10.1002/adma.202600019?af=R,2026-08-09 09:39:24 UTC,Wiley: Advanced Materials: Table of Contents,2026-08-09 09:39:24+00:00
Dual Oxygen Precursors Boosting the Ionic Conductivity of Glassy Electrolytes for All‐Solid‐State Sodium Batteries,https://advanced.onlinelibrary.wiley.com/doi/10.1002/adma.74493?af=R,2026-08-09 09:42:10 UTC,Wiley: Advanced Materials: Table of Contents,2026-08-09 09:42:10+00:00
Lysosome‐Targeted Self‐Adjuvanting Ammonia Nanogenerator Potentiates Hepatocellular Carcinoma Immunotherapy via Ammonia Death,https://advanced.onlinelibrary.wiley.com/doi/10.1002/adma.74542?af=R,2026-08-09 09:44:41 UTC,Wiley: Advanced Materials: Table of Contents,2026-08-09 09:44:41+00:00
Liquid Crystal Elastomer‐Based Haptic Pixel Arrays at Your Fingertips for Advanced Human–Machine Interfaces,https://advanced.onlinelibrary.wiley.com/doi/10.1002/adma.74546?af=R,2026-08-09 09:48:21 UTC,Wiley: Advanced Materials: Table of Contents,2026-08-09 09:48:21+00:00
Antiphase Boundaries Regulate Phase Stability and Performance in DMA+‐Assisted CsPbI3‐Based Perovskites,https://advanced.onlinelibrary.wiley.com/doi/10.1002/adma.74538?af=R,2026-08-09 09:48:34 UTC,Wiley: Advanced Materials: Table of Contents,2026-08-09 09:48:34+00:00
Bubble‐Assisted Dynamic Confinement Enables Programmable Solid‐State Photoswitching and Heterogeneous Photoresponsive Architectures,https://advanced.onlinelibrary.wiley.com/doi/10.1002/adma.74453?af=R,2026-08-09 09:50:36 UTC,Wiley: Advanced Materials: Table of Contents,2026-08-09 09:50:36+00:00
"Machine Learning‐Guided Additive Manufacturing of Multilayer Aerogels for Ultrabroadband, Ultralow‐Reflection Electromagnetic Shielding",https://advanced.onlinelibrary.wiley.com/doi/10.1002/adma.74565?af=R,2026-08-09 09:52:11 UTC,Wiley: Advanced Materials: Table of Contents,2026-08-09 09:52:11+00:00
Sustainable Poly(Lactic Acid)/Graphene Oxide Bioelectronic Platform for Neurotransmitters Sensing and Tunable Stimulation of Astrocytes,https://advanced.onlinelibrary.wiley.com/doi/10.1002/adma.74487?af=R,2026-08-09 09:54:45 UTC,Wiley: Advanced Materials: Table of Contents,2026-08-09 09:54:45+00:00
3D‐Printed Architected Cholesteric Liquid Crystal Displays With Spatiotemporal Color Modulation,https://advanced.onlinelibrary.wiley.com/doi/10.1002/adma.74517?af=R,2026-08-09 10:00:13 UTC,Wiley: Advanced Materials: Table of Contents,2026-08-09 10:00:13+00:00
Ultrafast Electrochromic Flexible Displays via Solvent‐Induced Porous and Loosely Packed Films,https://advanced.onlinelibrary.wiley.com/doi/10.1002/adma.202523062?af=R,2026-08-09 10:01:39 UTC,Wiley: Advanced Materials: Table of Contents,2026-08-09 10:01:39+00:00
Bionic Flexible Wrinkled Strain Sensors With Water‑Accelerated Self‐healing Capability for Underwater Detection and Motion Interaction,https://advanced.onlinelibrary.wiley.com/doi/10.1002/adma.74573?af=R,2026-08-09 10:07:59 UTC,Wiley: Advanced Materials: Table of Contents,2026-08-09 10:07:59+00:00
'Not afraid to stay': The Canadians who want to change how wildfires are fought,https://www.bbc.co.uk/news/articles/c20d89jxpqno?at_medium=RSS&at_campaign=rss,2026-08-09 23:02:39 UTC,BBC News,2026-08-09 23:02:39+00:00
Author Correction: High-resolution mapping reveals features of bacterial NAD-capped RNAs and stress-responsive transcription initiation,https://www.nature.com/articles/s41467-026-76095-1,2026-08-10 00:00:00 UTC,Nature Communications,2026-08-10 00:00:00+00:00
Author Correction: Edge-guided inverse design of digital metamaterial-based mode multiplexers for high-capacity multi-dimensional optical interconnect,https://www.nature.com/articles/s41467-026-76545-w,2026-08-10 00:00:00 UTC,Nature Communications,2026-08-10 00:00:00+00:00
Author Correction: Genome analysis of Channel millet reveals a wild dodecaploid shaped by environmental variability,https://www.nature.com/articles/s41467-026-76541-0,2026-08-10 00:00:00 UTC,Nature Communications,2026-08-10 00:00:00+00:00
Copper recovery that powers itself,https://www.nature.com/articles/s41893-026-01913-9,2026-08-10 00:00:00 UTC,Nature Sustainability,2026-08-10 00:00:00+00:00
Sulfur-mediated electrochemical copper recovery from wastewater with net electricity generation,https://www.nature.com/articles/s41893-026-01912-w,2026-08-10 00:00:00 UTC,Nature Sustainability,2026-08-10 00:00:00+00:00
Why environmental treaties must also address mental health,https://www.nature.com/articles/d41586-026-02450-3,2026-08-10 00:00:00 UTC,Nature,2026-08-10 00:00:00+00:00
Author Correction: Cooperation conflicts with equality when allocating public goods,https://www.nature.com/articles/s41586-026-10973-y,2026-08-10 00:00:00 UTC,Nature,2026-08-10 00:00:00+00:00
Learning millisecond protein dynamics from what is missing in NMR spectra,https://www.nature.com/articles/s41586-026-10989-4,2026-08-10 00:00:00 UTC,Nature,2026-08-10 00:00:00+00:00
Author Correction: Natural photosynthetic system for restoring homeostasis of animal organelle interaction network,https://www.nature.com/articles/s41467-026-76547-8,2026-08-10 00:00:00 UTC,Nature Communications,2026-08-10 00:00:00+00:00
Author Correction: Nucleolar URB1 ensures 3′ ETS rRNA removal to prevent exosome surveillance,https://www.nature.com/articles/s41586-026-10978-7,2026-08-10 00:00:00 UTC,Nature,2026-08-10 00:00:00+00:00
Author Correction: Durable all-inorganic perovskite tandem photovoltaics,https://www.nature.com/articles/s41586-026-10984-9,2026-08-10 00:00:00 UTC,Nature,2026-08-10 00:00:00+00:00
Automatic value learning results in counterproductive human behavior,https://www.nature.com/articles/s41467-026-76297-7,2026-08-10 00:00:00 UTC,Nature Communications,2026-08-10 00:00:00+00:00
"Despite global turmoil, Gen Z researchers are not giving up",https://www.nature.com/articles/d41586-026-02453-0,2026-08-10 00:00:00 UTC,Nature,2026-08-10 00:00:00+00:00
I caught my students using AI to cheat in an exam — here’s what universities must do to stamp this out,https://www.nature.com/articles/d41586-026-02447-y,2026-08-10 00:00:00 UTC,Nature,2026-08-10 00:00:00+00:00
Oral nano-delivery of a gut microbial metabolite enhances T cell stemness for cancer immunotherapy,https://www.nature.com/articles/s41565-026-02235-9,2026-08-10 00:00:00 UTC,Nature Nanotechnology,2026-08-10 00:00:00+00:00
A high-fibre diet-derived microbial polyphenol metabolite boosts T-cell stemness in cancer immunotherapy,https://www.nature.com/articles/s41565-026-02246-6,2026-08-10 00:00:00 UTC,Nature Nanotechnology,2026-08-10 00:00:00+00:00
What to do when you have too many PhD projects on the go,https://www.nature.com/articles/d41586-026-01681-8,2026-08-10 00:00:00 UTC,Nature,2026-08-10 00:00:00+00:00
This AI tool claims to pick the top 1% of preprints. Should researchers trust it?,https://www.nature.com/articles/d41586-026-02276-z,2026-08-10 00:00:00 UTC,Nature,2026-08-10 00:00:00+00:00
How and when to use artificial intelligence in your science job application,https://www.nature.com/articles/d41586-026-02435-2,2026-08-10 00:00:00 UTC,Nature,2026-08-10 00:00:00+00:00
Turning the tide: restoring Mozambican mangroves — in photos,https://www.nature.com/articles/d41586-026-02199-9,2026-08-10 00:00:00 UTC,Nature,2026-08-10 00:00:00+00:00
Multi-channel high-speed flip-chip packaging platform for thin-film lithium niobate photonic circuits,https://academic.oup.com/nsr/advance-article/doi/10.1093/nsr/nwag480/8758332?rss=1,2026-08-10 00:00:00 UTC,National Science Review Advance Access,2026-08-10 00:00:00+00:00
Author Correction: Reprogramming yeast metabolism for customized starch-rich micro-grain through low-carbon microbial manufacturing,https://www.nature.com/articles/s41467-026-76546-9,2026-08-10 00:00:00 UTC,Nature Communications,2026-08-10 00:00:00+00:00
Where are you ticklish? Researchers map the sensation across cultures,https://www.nature.com/articles/d41586-026-02493-6,2026-08-10 00:00:00 UTC,Nature,2026-08-10 00:00:00+00:00
Gold‐Stabilized Copper Enables Anodic Hydrogen Evolution for Ultralow‐Voltage CO‐to‐Ethylene Electrolysis,https://advanced.onlinelibrary.wiley.com/doi/10.1002/adma.74459?af=R,2026-08-10 03:53:48 UTC,Wiley: Advanced Materials: Table of Contents,2026-08-10 03:53:48+00:00
Forest funding boost as two million trees planted,https://www.bbc.co.uk/news/articles/cq894dq252ko?at_medium=RSS&at_campaign=rss,2026-08-10 05:14:31 UTC,BBC News,2026-08-10 05:14:31+00:00
Woman questions hosepipe ban while leak not fixed,https://www.bbc.co.uk/news/articles/c235rg3k512o?at_medium=RSS&at_campaign=rss,2026-08-10 05:31:47 UTC,BBC News,2026-08-10 05:31:47+00:00
Multi‐Cation Synergy in Medium‐Entropy Spinel Oxide for Practical Zn‐Ion Pouch Cells,https://advanced.onlinelibrary.wiley.com/doi/10.1002/aenm.71420?af=R,2026-08-10 05:36:36 UTC,Wiley: Advanced Energy Materials: Table of Contents,2026-08-10 05:36:36+00:00
Al‐Induced Cu2+‐Cu+ Polarization in Ampere‐Level Waste‐Treating‐Waste Electrocatalysis for Concurrent CO2‐to‐C2 Production and Plastic Upcycling,https://advanced.onlinelibrary.wiley.com/doi/10.1002/aenm.71413?af=R,2026-08-10 05:36:46 UTC,Wiley: Advanced Energy Materials: Table of Contents,2026-08-10 05:36:46+00:00
Solar‐Driven Upcycling of Waste Polyethylene Terephthalate,https://advanced.onlinelibrary.wiley.com/doi/10.1002/aenm.71417?af=R,2026-08-10 05:45:26 UTC,Wiley: Advanced Energy Materials: Table of Contents,2026-08-10 05:45:26+00:00
China evacuates one million from homes as massive storm arrives,https://www.bbc.co.uk/news/articles/cx2rgzyplg2o?at_medium=RSS&at_campaign=rss,2026-08-10 07:23:54 UTC,BBC News,2026-08-10 07:23:54+00:00
Holistic Inside‐Out Reconfiguration of Ni‐Rich Cathodes via a Thermally Self‐Driven Strategy for Exceptional Chemomechanical Stability,https://advanced.onlinelibrary.wiley.com/doi/10.1002/adma.74572?af=R,2026-08-10 08:06:15 UTC,Wiley: Advanced Materials: Table of Contents,2026-08-10 08:06:15+00:00
Closed‐Loop Solid‐State Synthesis Planning for Materials Discovery With Large Language Models,https://advanced.onlinelibrary.wiley.com/doi/10.1002/adma.74502?af=R,2026-08-10 08:09:40 UTC,Wiley: Advanced Materials: Table of Contents,2026-08-10 08:09:40+00:00
Polymeric Sorbents as Energy‐Efficient Alternative to Cryogenic Distillation for Light Hydrocarbon Purification,https://advanced.onlinelibrary.wiley.com/doi/10.1002/adma.74471?af=R,2026-08-10 08:11:11 UTC,Wiley: Advanced Materials: Table of Contents,2026-08-10 08:11:11+00:00
Self‐Growing Conductive Hydrogels Establish Volumetric Biointerfaces for Cardiac Conduction Restoration,https://advanced.onlinelibrary.wiley.com/doi/10.1002/adma.74527?af=R,2026-08-10 08:13:27 UTC,Wiley: Advanced Materials: Table of Contents,2026-08-10 08:13:27+00:00
Dual‐Binder‐Enabled 18‐µm‐Thick High‐Conductivity Sulfide Electrolyte Film for High‐Energy‐Density All‐Solid‐State Batteries,https://advanced.onlinelibrary.wiley.com/doi/10.1002/adma.74533?af=R,2026-08-10 08:15:02 UTC,Wiley: Advanced Materials: Table of Contents,2026-08-10 08:15:02+00:00
Intrinsic Defect‐Induced Exotic Polarization Waves in Van der Waals Layered Topological Insulators,https://advanced.onlinelibrary.wiley.com/doi/10.1002/adma.74576?af=R,2026-08-10 08:20:12 UTC,Wiley: Advanced Materials: Table of Contents,2026-08-10 08:20:12+00:00
Ultra-low iridium PTE collaboration targets PEM scale-up,https://hydrogentechworld.com/ultra-low-iridium-pte-collaboration-targets-pem-scale-up,2026-08-10 08:47:16 UTC,Hydrogen Tech World.com,2026-08-10 08:47:16+00:00
Zambia Sets Stage For International Carbon Trading With Digital Registry,https://carbonherald.com/zambia-sets-stage-for-international-carbon-trading-with-new-digital-registry/?utm_source=rss&utm_medium=rss&utm_campaign=zambia-sets-stage-for-international-carbon-trading-with-new-digital-registry,2026-08-10 09:37:43 UTC,Carbon Herald,2026-08-10 09:37:43+00:00
Uniper Picks SLB Capturi For 1.38 GW Carbon Capture Power Project In UK,https://carbonherald.com/uniper-slb-capturi-carbon-capture-power-project-uk/?utm_source=rss&utm_medium=rss&utm_campaign=uniper-slb-capturi-carbon-capture-power-project-uk,2026-08-10 09:45:41 UTC,Carbon Herald,2026-08-10 09:45:41+00:00
ContourGlobal announces 3 GWh of CATL BESS for global projects,https://www.ess-news.com/2026/08/10/contourglobal-announces-3-gwh-of-catl-bess-for-global-projects/,2026-08-10 09:53:31 UTC,Latest news about ESS Projects & Applications | ESS News,2026-08-10 09:53:31+00:00
Lorry turns over as typhoon hits China,https://www.bbc.co.uk/news/videos/cgmklm40k9go?at_medium=RSS&at_campaign=rss,2026-08-10 10:13:18 UTC,BBC News,2026-08-10 10:13:18+00:00
Coastal Bend LNG Starts Permitting For Texas Export Project With Carbon Capture,https://carbonherald.com/coastal-bend-lng-starts-permitting-for-texas-export-project-with-carbon-capture/?utm_source=rss&utm_medium=rss&utm_campaign=coastal-bend-lng-starts-permitting-for-texas-export-project-with-carbon-capture,2026-08-10 10:19:27 UTC,Carbon Herald,2026-08-10 10:19:27+00:00
World's oceans hit record-high July temperatures,https://www.bbc.co.uk/news/articles/cpvw8vmmgrwo?at_medium=RSS&at_campaign=rss,2026-08-10 10:24:46 UTC,BBC News,2026-08-10 10:24:46+00:00
"Isometric Signs Its First China-Based CDR Projects, Covering DAC And Biochar CO2 Removal",https://carbonherald.com/isometric-signs-its-first-china-based-cdr-projects-covering-dac-and-biochar-co2-removal/?utm_source=rss&utm_medium=rss&utm_campaign=isometric-signs-its-first-china-based-cdr-projects-covering-dac-and-biochar-co2-removal,2026-08-10 10:43:52 UTC,Carbon Herald,2026-08-10 10:43:52+00:00
How Europe can prevent a repeat of this year’s devastating wildfires,https://www.science.org/content/article/how-europe-can-prevent-repeat-year-s-devastating-wildfires,2026-08-10 11:30:00 UTC,Latest News from Science Magazine,2026-08-10 11:30:00+00:00
Romania exceeds 1 GW of utility-scale BESS capacity,https://www.ess-news.com/2026/08/10/romania-exceeds-1-gw-of-utility-scale-bess-capacity/,2026-08-10 11:30:00 UTC,Latest news about ESS Projects & Applications | ESS News,2026-08-10 11:30:00+00:00
New AlliedOffsets Report Looks Into Soil Carbon’s 2026 Momentum,https://carbonherald.com/new-alliedoffsets-report-looks-into-soil-carbons-2026-momentum/?utm_source=rss&utm_medium=rss&utm_campaign=new-alliedoffsets-report-looks-into-soil-carbons-2026-momentum,2026-08-10 12:07:59 UTC,Carbon Herald,2026-08-10 12:07:59+00:00
Energy Vault to supply 1.25 GW of off-grid BESS for US data center,https://www.ess-news.com/2026/08/10/energy-vault-to-supply-1-25-gw-of-off-grid-bess-for-us-data-center/,2026-08-10 12:19:47 UTC,Latest news about ESS Projects & Applications | ESS News,2026-08-10 12:19:47+00:00
CB&I advances large-scale liquid hydrogen storage,https://hydrogentechworld.com/cbi-advances-large-scale-liquid-hydrogen-storage,2026-08-10 12:23:24 UTC,Hydrogen Tech World.com,2026-08-10 12:23:24+00:00
CATL tests 350 Wh/kg battery for eVTOLs,https://www.electrive.com/2026/08/10/catl-tests-350-wh-kg-battery-for-evtols/,2026-08-10 12:32:18 UTC,Battery – electrive.com,2026-08-10 12:32:18+00:00
Malawi inaugurates first battery storage system,https://www.ess-news.com/2026/08/10/malawi-inaugurates-first-battery-storage-system/,2026-08-10 13:30:00 UTC,Latest news about ESS Projects & Applications | ESS News,2026-08-10 13:30:00+00:00
U.S. energy provider deploys plug-in batteries across 21 commercial kitchens to slash power costs,https://www.ess-news.com/2026/08/10/u-s-energy-provider-deploys-plug-in-batteries-across-21-commercial-kitchens-to-slash-power-costs/,2026-08-10 13:34:28 UTC,Latest news about ESS Projects & Applications | ESS News,2026-08-10 13:34:28+00:00
Solar eclipse: Where and when you can see it across North West England,https://www.bbc.co.uk/news/articles/cx256nwl7lxo?at_medium=RSS&at_campaign=rss,2026-08-10 13:41:26 UTC,BBC News,2026-08-10 13:41:26+00:00
We should smile at our dogs - a new scientific study reveals why,https://www.bbc.co.uk/news/articles/ce8kr3yrl6eo?at_medium=RSS&at_campaign=rss,2026-08-10 14:02:57 UTC,BBC News,2026-08-10 14:02:57+00:00
Econetix Secures Historic 10M Ton Article 6 Authorization In Uganda,https://carbonherald.com/econetix-secures-historic-10m-ton-article-6-authorization-in-uganda/?utm_source=rss&utm_medium=rss&utm_campaign=econetix-secures-historic-10m-ton-article-6-authorization-in-uganda,2026-08-10 14:14:00 UTC,Carbon Herald,2026-08-10 14:14:00+00:00
Best places to see partial solar eclipse across England,https://www.bbc.co.uk/news/articles/cdx7kzv5e3qo?at_medium=RSS&at_campaign=rss,2026-08-10 15:21:47 UTC,BBC News,2026-08-10 15:21:47+00:00
Canada Nickel Earns Permits For $1.9B Crawford Mining & Carbon Capture Project,https://carbonherald.com/canada-nickel-earns-permits-for-1-9b-crawford-mining-carbon-capture-project/?utm_source=rss&utm_medium=rss&utm_campaign=canada-nickel-earns-permits-for-1-9b-crawford-mining-carbon-capture-project,2026-08-10 15:27:15 UTC,Carbon Herald,2026-08-10 15:27:15+00:00
When and where to see the solar eclipse in Scotland,https://www.bbc.co.uk/news/articles/cwyrk522pxro?at_medium=RSS&at_campaign=rss,2026-08-10 15:29:51 UTC,BBC News,2026-08-10 15:29:51+00:00
'That fire came so fast': Wildfire rages in British Columbia,https://www.bbc.co.uk/news/videos/cx2d4gg57eqo?at_medium=RSS&at_campaign=rss,2026-08-10 17:29:05 UTC,BBC News,2026-08-10 17:29:05+00:00
Who will be able to see the solar eclipse?,https://www.bbc.co.uk/news/videos/c78gleevweno?at_medium=RSS&at_campaign=rss,2026-08-10 18:20:02 UTC,BBC News,2026-08-10 18:20:02+00:00
Blaze tackled at suspected illegal waste dump,https://www.bbc.co.uk/news/articles/cd69l026j7po?at_medium=RSS&at_campaign=rss,2026-08-10 18:54:26 UTC,BBC News,2026-08-10 18:54:26+00:00
'We've had a lot of close calls': Canada wildfire evacuees wonder if they still have homes,https://www.bbc.co.uk/news/articles/cx2lwv032j9o?at_medium=RSS&at_campaign=rss,2026-08-10 19:17:11 UTC,BBC News,2026-08-10 19:17:11+00:00
"Jackie, the famous California bald eagle, dies after weeks of intensive care",https://www.bbc.co.uk/news/articles/c62vj8eywdlo?at_medium=RSS&at_campaign=rss,2026-08-10 22:40:23 UTC,BBC News,2026-08-10 22:40:23+00:00
What he told me made my blood run cold - Michael Sheen investigates Wales' toxic legacy,https://www.bbc.co.uk/news/articles/czekx5g39elo?at_medium=RSS&at_campaign=rss,2026-08-10 23:25:12 UTC,BBC News,2026-08-10 23:25:12+00:00
